{"cameraMode":{"drawMode":0,"name":"Shaded","section":"Shading Mode"},"sceneLighting":true,"audioPlay":false,"sceneViewState":{"m_AlwaysRefresh":false,"showFog":true,"showSkybox":true,"showFlares":true,"showImageEffects":true,"showParticleSystems":true,"showVisualEffectGraphs":true,"m_FxEnabled":true},"in2DMode":false,"pivot":{"x":-11.851250648498536,"y":3.7038497924804689,"z":9.123022079467774},"rotation":{"x":0.5198299884796143,"y":0.19658958911895753,"z":-0.12311382591724396,"w":0.8226820826530457},"size":23.164514541625978,"orthographic":false}