{"cameraMode":{"drawMode":0,"name":"Shaded","section":"Shading Mode"},"sceneLighting":true,"audioPlay":false,"sceneViewState":{"m_AlwaysRefresh":false,"showFog":true,"showSkybox":true,"showFlares":true,"showImageEffects":true,"showParticleSystems":true,"showVisualEffectGraphs":true,"m_FxEnabled":true},"in2DMode":false,"pivot":{"x":1.2149564027786255,"y":-17.554080963134767,"z":36.481590270996097},"rotation":{"x":-0.35775282979011538,"y":0.014615279622375965,"z":-0.006357534788548946,"w":-0.9339919686317444},"size":39.91258239746094,"orthographic":false}