{"cameraMode":{"drawMode":0,"name":"Shaded","section":"Shading Mode"},"sceneLighting":true,"audioPlay":false,"sceneViewState":{"m_AlwaysRefresh":false,"showFog":true,"showSkybox":true,"showFlares":true,"showImageEffects":true,"showParticleSystems":true,"showVisualEffectGraphs":true,"m_FxEnabled":true},"in2DMode":false,"pivot":{"x":0.3781043291091919,"y":-13.226009368896485,"z":3.9257278442382814},"rotation":{"x":0.5815122127532959,"y":-0.005560587160289288,"z":0.005142290145158768,"w":0.8140255808830261},"size":26.221088409423829,"orthographic":false}