{"cameraMode":{"drawMode":0,"name":"Shaded","section":"Shading Mode"},"sceneLighting":true,"audioPlay":false,"sceneViewState":{"m_AlwaysRefresh":false,"showFog":true,"showSkybox":true,"showFlares":true,"showImageEffects":true,"showParticleSystems":true,"showVisualEffectGraphs":true,"m_FxEnabled":true},"in2DMode":false,"pivot":{"x":0.38856440782546999,"y":-2.426131010055542,"z":4.888775825500488},"rotation":{"x":0.5354776382446289,"y":-0.002036336110904813,"z":0.002413734095171094,"w":0.8450461030006409},"size":22.97745132446289,"orthographic":false}